試合ID,履歴No,ピリオド,ピリオド残時間,チームID,チーム名,背番号1,背番号2,選手名1,選手名2,プレイテキスト,スコア,ピリオド終了フラグ,試合終了フラグ,選手ID1,選手ID2,アクション1,アクション2,アクション3,ホームアウェイ,エリア,X座標,Y座標,サイド
1111111,1,1,10:00,111,チームA,1,,選手1,,#1 選手1 プレイヤーイン,,0,0,10000001,0,86,0,,1,,,,
1111111,2,1,10:00,111,チームA,2,,選手2,,#2 選手2 プレイヤーイン,,0,0,10000002,0,86,0,,1,,,,
1111111,3,1,10:00,111,チームA,3,,選手3,,#3 選手3 プレイヤーイン,,0,0,10000003,0,86,0,,1,,,,
1111111,4,1,10:00,111,チームA,4,,選手4,,#4 選手4 プレイヤーイン,,0,0,10000004,0,86,0,,1,,,,
1111111,5,1,10:00,111,チームA,5,,選手5,,#5 選手5 プレイヤーイン,,0,0,10000005,0,86,0,,1,,,,
1111111,6,1,10:00,222,チームB,1,,選手13,,#1 選手13 プレイヤーイン,,0,0,10000013,0,86,0,,2,,,,
1111111,7,1,10:00,222,チームB,2,,選手14,,#2 選手14 プレイヤーイン,,0,0,10000014,0,86,0,,2,,,,
1111111,8,1,10:00,222,チームB,3,,選手15,,#3 選手15 プレイヤーイン,,0,0,10000015,0,86,0,,2,,,,
1111111,9,1,10:00,222,チームB,4,,選手16,,#4 選手16 プレイヤーイン,,0,0,10000016,0,86,0,,2,,,,
1111111,10,1,10:00,222,チームB,5,,選手17,,#5 選手17 プレイヤーイン,,0,0,10000017,0,86,0,,2,,,,
1111111,11,1,10:00,0,,,,,,ジャンプボール クォーター開始,,0,0,0,0,107,108,0,0,,,,
1111111,12,1,10:00,111,チームA,4,,選手4,,#4 選手4 ジャンプボール 勝者,,0,0,10000004,0,107,109,0,1,,,,
1111111,13,1,10:00,222,チームB,4,,選手16,,#4 選手16 ジャンプボール 敗者,,0,0,10000016,0,107,110,0,2,,,,
1111111,14,1,9:47,111,チームA,5,,選手5,,#5 選手5 3Pシュート× ジャンプショット,,0,0,10000005,0,2,27,0,1,outsideright,25.43000031,88.76000214,left
1111111,15,1,9:44,222,チームB,5,,選手17,,#5 選手17 ディフェンスリバウンド(0-1-1),,0,0,10000017,0,9,0,0,2,,,,
1111111,16,1,9:28,222,チームB,5,,選手17,,#5 選手17 3Pシュート○(3点) ジャンプショット,0-3,0,0,10000017,0,1,27,0,2,outsidecenter,67.55000305,55.70999908,right
1111111,17,1,9:28,222,チームB,1,,選手13,,#1 選手13 アシスト(1本),,0,0,10000013,0,12,0,0,2,,,,
1111111,18,1,9:04,111,チームA,4,,選手4,,#4 選手4 ターンオーバー(1本) バッドパス,,0,0,10000004,0,13,149,0,1,,,,
1111111,19,1,9:04,222,チームB,1,,選手13,,#1 選手13 スティール(1本),,0,0,10000013,0,14,0,0,2,,,,
1111111,20,1,8:55,222,チームB,2,,選手14,,#2 選手14 3Pシュート× プルアップジャンプショット,,0,0,10000014,0,2,98,0,2,outsideright,70.19999695,33.38999939,right
1111111,21,1,8:52,222,チームB,3,,選手15,,#3 選手15 オフェンスリバウンド(1-0-1),,0,0,10000015,0,10,0,0,2,,,,
1111111,22,1,8:50,222,チームB,5,,選手17,,#5 選手17 2Pシュート アウトサイドペイント× ジャンプショット,,0,0,10000017,0,5,27,0,2,insideleftwing,94.69999695,88.76000214,right
1111111,23,1,8:48,111,チームA,4,,選手4,,#4 選手4 ディフェンスリバウンド(0-1-1),,0,0,10000004,0,9,0,0,1,,,,
1111111,24,1,8:32,111,チームA,4,,選手4,,#4 選手4 ターンオーバー(2本) バッドパス,,0,0,10000004,0,13,149,0,1,,,,
1111111,25,1,8:22,222,チームB,3,,選手15,,#3 選手15 ターンオーバー(1本) ボールハンドリング,,0,0,10000015,0,13,147,0,2,,,,
1111111,26,1,8:22,111,チームA,5,,選手5,,#5 選手5 スティール(1本),,0,0,10000005,0,14,0,0,1,,,,
1111111,27,1,8:17,111,チームA,3,,選手3,,#3 選手3 2Pシュート インサイドペイント○(2点) レイアップ ファストブレイクポインツオフターンオーバー,2-3,0,0,10000003,0,4,28,38,1,underbasket,5.300000191,45.25,left
1111111,28,1,8:17,111,チームA,4,,選手4,,#4 選手4 アシスト(1本),,0,0,10000004,0,12,0,0,1,,,,
1111111,29,1,8:01,222,チームB,4,,選手16,,#4 選手16 ターンオーバー(1本) バッドパス,,0,0,10000016,0,13,149,0,2,,,,
1111111,30,1,8:01,111,チームA,5,,選手5,,#5 選手5 スティール(2本),,0,0,10000005,0,14,0,0,1,,,,
1111111,31,1,7:57,111,チームA,4,,選手4,,#4 選手4 2Pシュート インサイドペイント○(2点) ジャンプショット ファストブレイクポインツオフターンオーバー,4-3,0,0,10000004,0,4,27,38,1,underbasket,6.239999771,53.72999954,left
1111111,32,1,7:57,111,チームA,5,,選手5,,#5 選手5 アシスト(1本),,0,0,10000005,0,12,0,0,1,,,,
1111111,33,1,7:45,222,チームB,1,,選手13,,#1 選手13 2Pシュート インサイドペイント× ジャンプショット,,0,0,10000013,0,6,27,0,2,underbasket,94.06999969,57.40000153,right
1111111,34,1,7:43,111,チームA,2,,選手2,,#2 選手2 ディフェンスリバウンド(0-1-1),,0,0,10000002,0,9,0,0,1,,,,
1111111,35,1,7:32,222,チームB,5,,選手17,,#5 選手17 パーソナルファウル(1-1:0) 0ショット,,0,0,10000017,0,22,30,0,2,,,,
1111111,36,1,7:32,111,チームA,4,,選手4,,#4 選手4 ファウルドローン(1本),,0,0,10000004,0,15,0,0,1,,,,
1111111,37,1,7:26,111,チームA,1,,選手1,,#1 選手1 2Pシュート アウトサイドペイント○(2点) ステップバックジャンプショット,6-3,0,0,10000001,0,3,97,0,1,insideleft,19.5,19.54999924,left
1111111,38,1,7:26,111,チームA,3,,選手3,,#3 選手3 アシスト(1本),,0,0,10000003,0,12,0,0,1,,,,
1111111,39,1,7:12,222,チームB,1,,選手13,,#1 選手13 3Pシュート○(3点) ジャンプショット,6-6,0,0,10000013,0,1,27,0,2,outsideleft,74.26000214,80,right
1111111,40,1,7:12,222,チームB,3,,選手15,,#3 選手15 アシスト(1本),,0,0,10000015,0,12,0,0,2,,,,
1111111,41,1,6:50,111,チームA,4,,選手4,,#4 選手4 2Pシュート インサイドペイント○(4点) レイアップ,8-6,0,0,10000004,0,4,28,0,1,underbasket,5.769999981,53.15999985,left
1111111,42,1,6:50,111,チームA,1,,選手1,,#1 選手1 アシスト(1本),,0,0,10000001,0,12,0,0,1,,,,
1111111,43,1,6:36,111,チームA,5,,選手5,,#5 選手5 パーソナルファウル(1-1:0) 0ショット,,0,0,10000005,0,22,30,0,1,,,,
1111111,44,1,6:36,222,チームB,1,,選手13,,#1 選手13 ファウルドローン(1本),,0,0,10000013,0,15,0,0,2,,,,
1111111,45,1,6:28,222,チームB,4,,選手16,,#4 選手16 2Pシュート アウトサイドペイント× プルアップジャンプショット,,0,0,10000016,0,5,98,0,2,insidecenter,74.73000336,55.13999939,right
1111111,46,1,6:26,111,チームA,3,,選手3,,#3 選手3 ディフェンスリバウンド(0-1-1),,0,0,10000003,0,9,0,0,1,,,,
1111111,47,1,6:20,111,チームA,1,,選手1,,#1 選手1 3Pシュート○(5点) プルアップジャンプショット,11-6,0,0,10000001,0,1,98,0,1,outsideright,30.11000061,71.80999756,left
1111111,48,1,6:16,222,チームB,1,,選手13,,#1 選手13 ターンオーバー(1本) バッドパス,,0,0,10000013,0,13,149,0,2,,,,
1111111,49,1,6:16,111,チームA,4,,選手4,,#4 選手4 スティール(1本),,0,0,10000004,0,14,0,0,1,,,,
1111111,50,1,6:12,111,チームA,1,,選手1,,#1 選手1 3Pシュート× ジャンプショット,,0,0,10000001,0,2,27,0,1,outsideright,24.40999985,81.45999908,left
1111111,51,1,6:10,222,チームB,4,,選手16,,#4 選手16 ディフェンスリバウンド(0-1-1),,0,0,10000016,0,9,0,0,2,,,,
1111111,52,1,5:51,222,チームB,5,,選手17,,#5 選手17 3Pシュート× ジャンプショット,,0,0,10000017,0,2,27,0,2,outsideright,72.69999695,21.80999947,right
1111111,53,1,5:47,111,チームA,4,,選手4,,#4 選手4 ディフェンスリバウンド(0-2-2),,0,0,10000004,0,9,0,0,1,,,,
1111111,54,1,5:46,111,チームA,4,,選手4,,#4 選手4 ターンオーバー(3本) アウトオブバウンズ,,0,0,10000004,0,13,154,0,1,,,,
1111111,55,1,5:46,111,チームA,4,,選手4,,#4 選手4 プレイヤーアウト,,0,0,10000004,0,87,0,0,1,,,,
1111111,56,1,5:46,111,チームA,5,,選手5,,#5 選手5 プレイヤーアウト,,0,0,10000005,0,87,0,0,1,,,,
1111111,57,1,5:46,111,チームA,6,,選手6,,#6 選手6 プレイヤーイン,,0,0,10000006,0,86,0,0,1,,,,
1111111,58,1,5:46,111,チームA,7,,選手7,,#7 選手7 プレイヤーイン,,0,0,10000007,0,86,0,0,1,,,,
1111111,59,1,5:46,222,チームB,2,,選手14,,#2 選手14 プレイヤーアウト,,0,0,10000014,0,87,0,0,2,,,,
1111111,60,1,5:46,222,チームB,6,,選手18,,#6 選手18 プレイヤーイン,,0,0,10000018,0,86,0,0,2,,,,
1111111,61,1,5:46,111,チームA,7,,選手7,,#7 選手7 パーソナルファウル(1-2:0) 0ショット,,0,0,10000007,0,22,30,0,1,,,,
1111111,62,1,5:46,222,チームB,1,,選手13,,#1 選手13 ファウルドローン(2本),,0,0,10000013,0,15,0,0,2,,,,
1111111,63,1,5:43,222,チームB,3,,選手15,,#3 選手15 3Pシュート× ジャンプショット,,0,0,10000015,0,2,27,0,2,outsiderightwing,95.31999969,3.160000086,right
1111111,64,1,5:41,111,チームA,2,,選手2,,#2 選手2 ディフェンスリバウンド(0-2-2),,0,0,10000002,0,9,0,0,1,,,,
1111111,65,1,5:37,222,チームB,1,,選手13,,#1 選手13 パーソナルファウル(1-2:0) 0ショット,,0,0,10000013,0,22,30,0,2,,,,
1111111,66,1,5:37,111,チームA,7,,選手7,,#7 選手7 ファウルドローン(1本),,0,0,10000007,0,15,0,0,1,,,,
1111111,67,1,5:37,222,チームB,1,,選手13,,#1 選手13 プレイヤーアウト,,0,0,10000013,0,87,0,0,2,,,,
1111111,68,1,5:37,222,チームB,5,,選手17,,#5 選手17 プレイヤーアウト,,0,0,10000017,0,87,0,0,2,,,,
1111111,69,1,5:37,222,チームB,7,,選手19,,#7 選手19 プレイヤーイン,,0,0,10000019,0,86,0,0,2,,,,
1111111,70,1,5:37,222,チームB,8,,選手20,,#8 選手20 プレイヤーイン,,0,0,10000020,0,86,0,0,2,,,,
1111111,71,1,5:27,111,チームA,3,,選手3,,#3 選手3 2Pシュート インサイドペイント× プルアップジャンプショット,,0,0,10000003,0,6,98,0,1,inthepaint,19.19000053,62.77000046,left
1111111,72,1,5:25,111,チームA,,,,,チームオフェンスリバウンド(1-0-1),,0,0,0,0,18,0,0,1,,,,
1111111,73,1,5:24,111,チームA,6,,選手6,,#6 選手6 ターンオーバー(1本) バッドパス,,0,0,10000006,0,13,149,0,1,,,,
1111111,74,1,5:10,222,チームB,7,,選手19,,#7 選手19 2Pシュート インサイドペイント○(2点) ジャンプショット ポインツオフターンオーバー,11-8,0,0,10000019,0,4,27,36,2,underbasket,94.69999695,53.45000076,right
1111111,75,1,5:10,222,チームB,6,,選手18,,#6 選手18 アシスト(1本),,0,0,10000018,0,12,0,0,2,,,,
1111111,76,1,5:05,222,チームB,3,,選手15,,#3 選手15 パーソナルファウル(1-3:0) 0ショット,,0,0,10000015,0,22,30,0,2,,,,
1111111,77,1,5:05,111,チームA,6,,選手6,,#6 選手6 ファウルドローン(1本),,0,0,10000006,0,15,0,0,1,,,,
1111111,78,1,4:46,111,チームA,2,,選手2,,#2 選手2 2Pシュート インサイドペイント× レイアップ,,0,0,10000002,0,6,28,0,1,underbasket,6.860000134,42.43000031,left
1111111,79,1,4:44,222,チームB,7,,選手19,,#7 選手19 ディフェンスリバウンド(0-1-1),,0,0,10000019,0,9,0,0,2,,,,
1111111,80,1,4:37,111,チームA,6,,選手6,,#6 選手6 パーソナルファウル(1-3:0) 0ショット,,0,0,10000006,0,22,30,0,1,,,,
1111111,81,1,4:37,222,チームB,7,,選手19,,#7 選手19 ファウルドローン(1本),,0,0,10000019,0,15,0,0,2,,,,
1111111,82,1,4:37,111,チームA,2,,選手2,,#2 選手2 プレイヤーアウト,,0,0,10000002,0,87,0,0,1,,,,
1111111,83,1,4:37,111,チームA,8,,選手8,,#8 選手8 プレイヤーイン,,0,0,10000008,0,86,0,0,1,,,,
1111111,84,1,4:32,222,チームB,3,,選手15,,#3 選手15 2Pシュート インサイドペイント× ジャンプショット,,0,0,10000015,0,6,27,0,2,inthepaint,93.65000153,60.31000137,right
1111111,85,1,4:31,222,チームB,7,,選手19,,#7 選手19 オフェンスリバウンド(1-1-2),,0,0,10000019,0,10,0,0,2,,,,
1111111,86,1,4:31,222,チームB,7,,選手19,,#7 選手19 2Pシュート インサイドペイント○(4点) レイアップ セカンドチャンス,11-10,0,0,10000019,0,4,28,37,2,underbasket,94,50,right
1111111,87,1,4:16,222,チームB,8,,選手20,,#8 選手20 パーソナルファウル(1-4:0) 0ショット,,0,0,10000020,0,22,30,0,2,,,,
1111111,88,1,4:16,111,チームA,3,,選手3,,#3 選手3 ファウルドローン(1本),,0,0,10000003,0,15,0,0,1,,,,
1111111,89,1,4:16,111,チームA,1,,選手1,,#1 選手1 プレイヤーアウト,,0,0,10000001,0,87,0,0,1,,,,
1111111,90,1,4:16,111,チームA,9,,選手9,,#9 選手9 プレイヤーイン,,0,0,10000009,0,86,0,0,1,,,,
1111111,91,1,4:07,111,チームA,3,,選手3,,#3 選手3 2Pシュート インサイドペイント× ドライビングレイアップ,,0,0,10000003,0,6,94,0,1,underbasket,6.860000134,54.58000183,left
1111111,92,1,4:04,222,チームB,4,,選手16,,#4 選手16 ディフェンスリバウンド(0-2-2),,0,0,10000016,0,9,0,0,2,,,,
1111111,93,1,3:55,222,チームB,4,,選手16,,#4 選手16 2Pシュート アウトサイドペイント× フェイドアウェイ,,0,0,10000016,0,5,91,0,2,insideright,89.08000183,20.95000076,right
1111111,94,1,3:52,111,チームA,9,,選手9,,#9 選手9 ディフェンスリバウンド(0-1-1),,0,0,10000009,0,9,0,0,1,,,,
1111111,95,1,3:34,111,チームA,3,,選手3,,#3 選手3 2Pシュート インサイドペイント○(4点) ジャンプショット,13-10,0,0,10000003,0,4,27,0,1,underbasket,6.710000038,44.97000122,left
1111111,96,1,3:34,111,チームA,8,,選手8,,#8 選手8 アシスト(1本),,0,0,10000008,0,12,0,0,1,,,,
1111111,97,1,3:13,222,チームB,3,,選手15,,#3 選手15 2Pシュート アウトサイドペイント× プルアップジャンプショット,,0,0,10000015,0,5,98,0,2,insideright,81.75,23.79000092,right
1111111,98,1,3:08,222,チームB,,,,,チームオフェンスリバウンド(1-0-1),,0,0,0,0,18,0,0,2,,,,
1111111,99,1,3:08,222,チームB,,,,,ジャンプボール ヘルドボール,,0,0,0,0,107,114,0,2,,,,
1111111,100,1,3:08,111,チームA,3,,選手3,,#3 選手3 プレイヤーアウト,,0,0,10000003,0,87,0,0,1,,,,
1111111,101,1,3:08,111,チームA,8,,選手8,,#8 選手8 プレイヤーアウト,,0,0,10000008,0,87,0,0,1,,,,
1111111,102,1,3:08,111,チームA,10,,選手10,,#10 選手10 プレイヤーイン,,0,0,10000010,0,86,0,0,1,,,,
1111111,103,1,3:08,111,チームA,4,,選手4,,#4 選手4 プレイヤーイン,,0,0,10000004,0,86,0,0,1,,,,
1111111,104,1,3:08,222,チームB,3,,選手15,,#3 選手15 プレイヤーアウト,,0,0,10000015,0,87,0,0,2,,,,
1111111,105,1,3:08,222,チームB,4,,選手16,,#4 選手16 プレイヤーアウト,,0,0,10000016,0,87,0,0,2,,,,
1111111,106,1,3:08,222,チームB,9,,選手21,,#9 選手21 プレイヤーイン,,0,0,10000021,0,86,0,0,2,,,,
1111111,107,1,3:08,222,チームB,1,,選手13,,#1 選手13 プレイヤーイン,,0,0,10000013,0,86,0,0,2,,,,
1111111,108,1,2:57,222,チームB,7,,選手19,,#7 選手19 2Pシュート インサイドペイント× ダンク,,0,0,10000019,0,6,29,0,2,underbasket,93.59999847,46.95000076,right
1111111,109,1,2:57,111,チームA,4,,選手4,,#4 選手4 ブロックショット(1本),,0,0,10000004,0,11,0,0,1,,,,
1111111,110,1,2:53,111,チームA,9,,選手9,,#9 選手9 ディフェンスリバウンド(0-2-2),,0,0,10000009,0,9,0,0,1,,,,
1111111,111,1,2:41,111,チームA,7,,選手7,,#7 選手7 3Pシュート× ジャンプショット,,0,0,10000007,0,2,27,0,1,outsideleft,29.17000008,31.12999916,left
1111111,112,1,2:38,222,チームB,7,,選手19,,#7 選手19 ディフェンスリバウンド(1-2-3),,0,0,10000019,0,9,0,0,2,,,,
1111111,113,1,2:36,222,チームB,7,,選手19,,#7 選手19 ターンオーバー(1本) バッドパス,,0,0,10000019,0,13,149,0,2,,,,
1111111,114,1,2:36,111,チームA,10,,選手10,,#10 選手10 スティール(1本),,0,0,10000010,0,14,0,0,1,,,,
1111111,115,1,2:31,111,チームA,9,,選手9,,#9 選手9 3Pシュート× ジャンプショット,,0,0,10000009,0,2,27,0,1,outsideleft,23.87000084,14.46000004,left
1111111,116,1,2:26,222,チームB,,,,, チームディフェンスリバウンド(1-1-2),,0,0,0,0,19,0,0,2,,,,
1111111,117,1,2:09,222,チームB,8,,選手20,,#8 選手20 2Pシュート アウトサイドペイント○(2点) プルアップジャンプショット,13-12,0,0,10000020,0,3,98,0,2,insiderightwing,92.98000336,30.28000069,right
1111111,118,1,1:58,222,チームB,9,,選手21,,#9 選手21 パーソナルファウル(1-5:2) シューティング 2ショット,,0,0,10000021,0,22,32,39,2,,,,
1111111,119,1,1:58,111,チームA,6,,選手6,,#6 選手6 ファウルドローン(2本),,0,0,10000006,0,15,0,0,1,,,,
1111111,120,1,1:58,111,チームA,6,,選手6,,#6 選手6 フリースロー○(1点) 1/2 ファストブレイク,14-12,0,0,10000006,0,7,102,35,1,,,,
1111111,121,1,1:58,111,チームA,6,,選手6,,#6 選手6 フリースロー○(2点) 2/2 ファストブレイク,15-12,0,0,10000006,0,7,104,35,1,,,,
1111111,122,1,1:44,222,チームB,9,,選手21,,#9 選手21 ターンオーバー(1本) バッドパス,,0,0,10000021,0,13,149,0,2,,,,
1111111,123,1,1:33,111,チームA,6,,選手6,,#6 選手6 2Pシュート インサイドペイント○(4点) ドライビングレイアップ ファストブレイクポインツオフターンオーバー,17-12,0,0,10000006,0,4,94,38,1,inthepaint,10.60999966,52.59999847,left
1111111,124,1,1:33,222,チームB,,,,,タイムアウト フル,,0,0,0,0,88,139,0,2,,,,
1111111,125,1,1:33,222,チームB,9,,選手21,,#9 選手21 プレイヤーアウト,,0,0,10000021,0,87,0,0,2,,,,
1111111,126,1,1:33,222,チームB,2,,選手14,,#2 選手14 プレイヤーイン,,0,0,10000014,0,86,0,0,2,,,,
1111111,127,1,1:18,222,チームB,6,,選手18,,#6 選手18 2Pシュート インサイドペイント○(2点) ドライビングレイアップ,17-14,0,0,10000018,0,4,94,0,2,inthepaint,91.26000214,58.25,right
1111111,128,1,0:50,222,チームB,2,,選手14,,#2 選手14 パーソナルファウル(1-6:2) 2ショット,,0,0,10000014,0,22,32,0,2,,,,
1111111,129,1,0:50,111,チームA,6,,選手6,,#6 選手6 ファウルドローン(3本),,0,0,10000006,0,15,0,0,1,,,,
1111111,130,1,0:50,111,チームA,6,,選手6,,#6 選手6 フリースロー× 1/2,,0,0,10000006,0,8,102,0,1,,,,
1111111,131,1,0:50,111,チームA,6,,選手6,,#6 選手6 フリースロー○(5点) 2/2,18-14,0,0,10000006,0,7,104,0,1,,,,
1111111,132,1,0:34,222,チームB,1,,選手13,,#1 選手13 2Pシュート インサイドペイント× ジャンプショット,,0,0,10000013,0,6,27,0,2,inthepaint,90.01999664,55.99000168,right
1111111,133,1,0:32,222,チームB,1,,選手13,,#1 選手13 オフェンスリバウンド(1-0-1),,0,0,10000013,0,10,0,0,2,,,,
1111111,134,1,0:32,222,チームB,1,,選手13,,#1 選手13 2Pシュート インサイドペイント× レイアップ,,0,0,10000013,0,6,28,0,2,underbasket,94,50,right
1111111,135,1,0:30,222,チームB,7,,選手19,,#7 選手19 オフェンスリバウンド(2-2-4),,0,0,10000019,0,10,0,0,2,,,,
1111111,136,1,0:22,222,チームB,6,,選手18,,#6 選手18 ターンオーバー(1本) ボールハンドリング,,0,0,10000018,0,13,147,0,2,,,,
1111111,137,1,0:22,111,チームA,9,,選手9,,#9 選手9 スティール(1本),,0,0,10000009,0,14,0,0,1,,,,
1111111,138,1,0:16,222,チームB,7,,選手19,,#7 選手19 パーソナルファウル(1-7:2) 2ショット,,0,0,10000019,0,22,32,0,2,,,,
1111111,139,1,0:16,111,チームA,4,,選手4,,#4 選手4 ファウルドローン(2本),,0,0,10000004,0,15,0,0,1,,,,
1111111,140,1,0:16,222,チームB,7,,選手19,,#7 選手19 プレイヤーアウト,,0,0,10000019,0,87,0,0,2,,,,
1111111,141,1,0:16,222,チームB,4,,選手16,,#4 選手16 プレイヤーイン,,0,0,10000016,0,86,0,0,2,,,,
1111111,142,1,0:16,111,チームA,4,,選手4,,#4 選手4 フリースロー○(5点) 1/2 ファストブレイクポインツオフターンオーバー,19-14,0,0,10000004,0,7,102,38,1,,,,
1111111,143,1,0:16,111,チームA,4,,選手4,,#4 選手4 フリースロー○(6点) 2/2 ファストブレイクポインツオフターンオーバー,20-14,0,0,10000004,0,7,104,38,1,,,,
1111111,144,1,0:04,222,チームB,2,,選手14,,#2 選手14 ターンオーバー(1本) ボールハンドリング,,0,0,10000014,0,13,147,0,2,,,,
1111111,145,1,0:04,111,チームA,6,,選手6,,#6 選手6 スティール(1本),,0,0,10000006,0,14,0,0,1,,,,
1111111,146,1,0:00,0,,,,,,,20-14,1,0,0,0,83,0,0,0,,,,
1111111,147,2,10:00,222,チームB,2,,選手14,,#2 選手14 プレイヤーアウト,,0,0,10000014,0,87,0,0,2,,,,
1111111,148,2,10:00,222,チームB,3,,選手15,,#3 選手15 プレイヤーイン,,0,0,10000015,0,86,0,0,2,,,,
1111111,149,2,9:48,111,チームA,6,,選手6,,#6 選手6 2Pシュート アウトサイドペイント× ジャンプショット,,0,0,10000006,0,5,27,0,1,insideright,20.75,70.40000153,left
1111111,150,2,9:46,222,チームB,1,,選手13,,#1 選手13 ディフェンスリバウンド(1-1-2),,0,0,10000013,0,9,0,0,2,,,,
1111111,151,2,9:31,222,チームB,4,,選手16,,#4 選手16 3Pシュート× プルアップジャンプショット,,0,0,10000016,0,2,98,0,2,outsidecenter,68.94999695,60.50999832,right
1111111,152,2,9:28,222,チームB,8,,選手20,,#8 選手20 オフェンスリバウンド(1-0-1),,0,0,10000020,0,10,0,0,2,,,,
1111111,153,2,9:18,222,チームB,4,,選手16,,#4 選手16 ターンオーバー(2本) バッドパス,,0,0,10000016,0,13,149,0,2,,,,
1111111,154,2,9:18,111,チームA,10,,選手10,,#10 選手10 スティール(2本),,0,0,10000010,0,14,0,0,1,,,,
1111111,155,2,8:54,111,チームA,6,,選手6,,#6 選手6 3Pシュート○(8点) プルアップジャンプショット ポインツオフターンオーバー,23-14,0,0,10000006,0,1,98,36,1,outsideleft,26.98999977,23.21999931,left
1111111,156,2,8:37,222,チームB,3,,選手15,,#3 選手15 2Pシュート インサイドペイント× ジャンプショット,,0,0,10000015,0,6,27,0,2,inthepaint,89.23999786,38.18999863,right
1111111,157,2,8:35,222,チームB,1,,選手13,,#1 選手13 オフェンスリバウンド(2-1-3),,0,0,10000013,0,10,0,0,2,,,,
1111111,158,2,8:34,111,チームA,4,,選手4,,#4 選手4 パーソナルファウル(1-1:2) シューティング 2ショット,,0,0,10000004,0,22,32,39,1,,,,
1111111,159,2,8:34,222,チームB,1,,選手13,,#1 選手13 ファウルドローン(3本),,0,0,10000013,0,15,0,0,2,,,,
1111111,160,2,8:34,111,チームA,6,,選手6,,#6 選手6 プレイヤーアウト,,0,0,10000006,0,87,0,0,1,,,,
1111111,161,2,8:34,111,チームA,9,,選手9,,#9 選手9 プレイヤーアウト,,0,0,10000009,0,87,0,0,1,,,,
1111111,162,2,8:34,111,チームA,1,,選手1,,#1 選手1 プレイヤーイン,,0,0,10000001,0,86,0,0,1,,,,
1111111,163,2,8:34,111,チームA,5,,選手5,,#5 選手5 プレイヤーイン,,0,0,10000005,0,86,0,0,1,,,,
1111111,164,2,8:34,222,チームB,1,,選手13,,#1 選手13 フリースロー○(4点) 1/2 セカンドチャンス,23-15,0,0,10000013,0,7,102,37,2,,,,
1111111,165,2,8:34,222,チームB,1,,選手13,,#1 選手13 フリースロー○(5点) 2/2 セカンドチャンス,23-16,0,0,10000013,0,7,104,37,2,,,,
1111111,166,2,8:18,111,チームA,1,,選手1,,#1 選手1 ターンオーバー(1本) ボールハンドリング,,0,0,10000001,0,13,147,0,1,,,,
1111111,167,2,8:18,222,チームB,3,,選手15,,#3 選手15 スティール(1本),,0,0,10000015,0,14,0,0,2,,,,
1111111,168,2,8:14,222,チームB,4,,選手16,,#4 選手16 ターンオーバー(3本) バッドパス,,0,0,10000016,0,13,149,0,2,,,,
1111111,169,2,8:14,222,チームB,6,,選手18,,#6 選手18 プレイヤーアウト,,0,0,10000018,0,87,0,0,2,,,,
1111111,170,2,8:14,222,チームB,5,,選手17,,#5 選手17 プレイヤーイン,,0,0,10000017,0,86,0,0,2,,,,
1111111,171,2,8:12,111,チームA,10,,選手10,,#10 選手10 2Pシュート インサイドペイント○(2点) ジャンプショット ポインツオフターンオーバー,25-16,0,0,10000010,0,4,27,36,1,underbasket,5.769999981,44.11999893,left
1111111,172,2,8:12,111,チームA,1,,選手1,,#1 選手1 アシスト(2本),,0,0,10000001,0,12,0,0,1,,,,
1111111,173,2,7:48,222,チームB,4,,選手16,,#4 選手16 2Pシュート インサイドペイント× ジャンプショット,,0,0,10000016,0,6,27,0,2,underbasket,94.06999969,44.40999985,right
1111111,174,2,7:48,111,チームA,4,,選手4,,#4 選手4 ブロックショット(2本),,0,0,10000004,0,11,0,0,1,,,,
1111111,175,2,7:47,111,チームA,7,,選手7,,#7 選手7 ディフェンスリバウンド(0-1-1),,0,0,10000007,0,9,0,0,1,,,,
1111111,176,2,7:41,222,チームB,3,,選手15,,#3 選手15 パーソナルファウル(2-1:0) 0ショット,,0,0,10000015,0,22,30,0,2,,,,
1111111,177,2,7:41,111,チームA,7,,選手7,,#7 選手7 ファウルドローン(2本),,0,0,10000007,0,15,0,0,1,,,,
1111111,178,2,7:41,222,チームB,3,,選手15,,#3 選手15 プレイヤーアウト,,0,0,10000015,0,87,0,0,2,,,,
1111111,179,2,7:41,222,チームB,8,,選手20,,#8 選手20 プレイヤーアウト,,0,0,10000020,0,87,0,0,2,,,,
1111111,180,2,7:41,222,チームB,2,,選手14,,#2 選手14 プレイヤーイン,,0,0,10000014,0,86,0,0,2,,,,
1111111,181,2,7:41,222,チームB,7,,選手19,,#7 選手19 プレイヤーイン,,0,0,10000019,0,86,0,0,2,,,,
1111111,182,2,7:34,111,チームA,5,,選手5,,#5 選手5 3Pシュート× ジャンプショット,,0,0,10000005,0,2,27,0,1,outsiderightwing,4.210000038,95.81999969,left
1111111,183,2,7:32,222,チームB,,,,, チームディフェンスリバウンド(1-2-3),,0,0,0,0,19,0,0,2,,,,
1111111,184,2,7:10,222,チームB,1,,選手13,,#1 選手13 2Pシュート インサイドペイント○(7点) レイアップ,25-18,0,0,10000013,0,4,28,0,2,inthepaint,91.58000183,42.70999908,right
1111111,185,2,7:10,222,チームB,1,,選手13,,#1 選手13 バスケットカウント,,0,0,10000013,0,16,0,,2,,,,
1111111,186,2,7:10,222,チームB,4,,選手16,,#4 選手16 アシスト(1本),,0,0,10000016,0,12,0,0,2,,,,
1111111,187,2,7:10,111,チームA,5,,選手5,,#5 選手5 パーソナルファウル(2-2:1) シューティング 1ショット,,0,0,10000005,0,22,31,39,1,,,,
1111111,188,2,7:10,222,チームB,1,,選手13,,#1 選手13 フリースロー○(8点) 1/1,25-19,0,0,10000013,0,7,101,0,2,,,,
1111111,189,2,7:10,111,チームA,10,,選手10,,#10 選手10 プレイヤーアウト,,0,0,10000010,0,87,0,0,1,,,,
1111111,190,2,7:10,111,チームA,7,,選手7,,#7 選手7 プレイヤーアウト,,0,0,10000007,0,87,0,0,1,,,,
1111111,191,2,7:10,111,チームA,2,,選手2,,#2 選手2 プレイヤーイン,,0,0,10000002,0,86,0,0,1,,,,
1111111,192,2,7:10,111,チームA,3,,選手3,,#3 選手3 プレイヤーイン,,0,0,10000003,0,86,0,0,1,,,,
1111111,193,2,6:55,222,チームB,1,,選手13,,#1 選手13 パーソナルファウル(2-2:3) シューティング 3ショット,,0,0,10000013,0,22,33,39,2,,,,
1111111,194,2,6:55,111,チームA,5,,選手5,,#5 選手5 ファウルドローン(1本),,0,0,10000005,0,15,0,0,1,,,,
1111111,195,2,6:55,111,チームA,5,,選手5,,#5 選手5 フリースロー○(1点) 1/3,26-19,0,0,10000005,0,7,103,0,1,,,,
1111111,196,2,6:55,111,チームA,1,,選手1,,#1 選手1 アシスト(3本),,0,0,10000001,0,12,0,0,1,,,,
1111111,197,2,6:55,111,チームA,5,,選手5,,#5 選手5 フリースロー○(2点) 2/3,27-19,0,0,10000005,0,7,105,0,1,,,,
1111111,198,2,6:55,111,チームA,5,,選手5,,#5 選手5 フリースロー× 3/3,,0,0,10000005,0,8,106,0,1,,,,
1111111,199,2,6:55,222,チームB,7,,選手19,,#7 選手19 ディフェンスリバウンド(2-3-5),,0,0,10000019,0,9,0,0,2,,,,
1111111,200,2,6:38,111,チームA,5,,選手5,,#5 選手5 プレイヤーアウト,,0,0,10000005,0,87,0,0,1,,,,
1111111,201,2,6:38,111,チームA,11,,選手11,,#11 選手11 プレイヤーイン,,0,0,10000011,0,86,0,0,1,,,,
1111111,202,2,6:33,222,チームB,1,,選手13,,#1 選手13 3Pシュート× ジャンプショット,,0,0,10000013,0,2,27,0,2,outsideright,68.16999817,24.06999969,right
1111111,203,2,6:30,111,チームA,2,,選手2,,#2 選手2 ディフェンスリバウンド(0-3-3),,0,0,10000002,0,9,0,0,1,,,,
1111111,204,2,6:22,222,チームB,2,,選手14,,#2 選手14 パーソナルファウル(2-3:0) 0ショット,,0,0,10000014,0,22,30,0,2,,,,
1111111,205,2,6:22,111,チームA,4,,選手4,,#4 選手4 ファウルドローン(3本),,0,0,10000004,0,15,0,0,1,,,,
1111111,206,2,6:13,111,チームA,4,,選手4,,#4 選手4 2Pシュート アウトサイドペイント○(8点) ジャンプショット,29-19,0,0,10000004,0,3,27,0,1,insiderightwing,6.239999771,80,left
1111111,207,2,6:13,111,チームA,3,,選手3,,#3 選手3 アシスト(2本),,0,0,10000003,0,12,0,0,1,,,,
1111111,208,2,6:05,222,チームB,5,,選手17,,#5 選手17 オフェンスファウル(2-4:0),,0,0,10000017,0,23,0,0,2,,,,
1111111,209,2,6:05,222,チームB,5,,選手17,,#5 選手17 ターンオーバー(1本),,0,0,10000017,0,13,0,0,2,,,,
1111111,210,2,6:05,111,チームA,1,,選手1,,#1 選手1 ファウルドローン(1本),,0,0,10000001,0,15,0,0,1,,,,
1111111,211,2,5:53,111,チームA,3,,選手3,,#3 選手3 2Pシュート インサイドペイント× ドライビングレイアップ,,0,0,10000003,0,6,94,0,1,inthepaint,9.050000191,59.38000107,left
1111111,212,2,5:50,222,チームB,7,,選手19,,#7 選手19 ディフェンスリバウンド(2-4-6),,0,0,10000019,0,9,0,0,2,,,,
1111111,213,2,5:44,111,チームA,1,,選手1,,#1 選手1 パーソナルファウル(1-3:0) 0ショット,,0,0,10000001,0,22,30,0,1,,,,
1111111,214,2,5:44,222,チームB,1,,選手13,,#1 選手13 ファウルドローン(5本),,0,0,10000013,0,15,0,0,2,,,,
1111111,215,2,5:37,222,チームB,2,,選手14,,#2 選手14 2Pシュート インサイドペイント× プルアップジャンプショット,,0,0,10000014,0,6,98,0,2,inthepaint,80.80999756,49.20999908,right
1111111,216,2,5:35,111,チームA,3,,選手3,,#3 選手3 ディフェンスリバウンド(0-2-2),,0,0,10000003,0,9,0,0,1,,,,
1111111,217,2,5:23,222,チームB,2,,選手14,,#2 選手14 プレイヤーアウト,,0,0,10000014,0,87,0,0,2,,,,
1111111,218,2,5:23,222,チームB,3,,選手15,,#3 選手15 プレイヤーイン,,0,0,10000015,0,86,0,0,2,,,,
1111111,219,2,5:23,222,チームB,5,,選手17,,#5 選手17 プレイヤーアウト,,0,0,10000017,0,87,0,0,2,,,,
1111111,220,2,5:23,222,チームB,8,,選手20,,#8 選手20 プレイヤーイン,,0,0,10000020,0,86,0,0,2,,,,
1111111,221,2,5:13,111,チームA,1,,選手1,,#1 選手1 3Pシュート× ジャンプショット,,0,0,10000001,0,2,27,0,1,outsideleft,23.09000015,11.64000034,left
1111111,222,2,5:11,222,チームB,4,,選手16,,#4 選手16 ディフェンスリバウンド(0-3-3),,0,0,10000016,0,9,0,0,2,,,,
1111111,223,2,5:00,222,チームB,3,,選手15,,#3 選手15 3Pシュート× ジャンプショット,,0,0,10000015,0,2,27,0,2,outsideright,74.87999725,13.05000019,right
1111111,224,2,4:58,111,チームA,3,,選手3,,#3 選手3 ディフェンスリバウンド(0-3-3),,0,0,10000003,0,9,0,0,1,,,,
1111111,225,2,4:49,111,チームA,3,,選手3,,#3 選手3 ターンオーバー(1本) バッドパス,,0,0,10000003,0,13,149,0,1,,,,
1111111,226,2,4:49,222,チームB,7,,選手19,,#7 選手19 スティール(1本),,0,0,10000019,0,14,0,0,2,,,,
1111111,227,2,4:37,111,チームA,2,,選手2,,#2 選手2 パーソナルファウル(1-4:2) シューティング 2ショット,,0,0,10000002,0,22,32,39,1,,,,
1111111,228,2,4:37,222,チームB,4,,選手16,,#4 選手16 ファウルドローン(1本),,0,0,10000016,0,15,0,0,2,,,,
1111111,229,2,4:37,0,,,,,,タイムアウト オフィシャル,,0,0,0,0,88,90,0,0,,,,
1111111,230,2,4:37,111,チームA,11,,選手11,,#11 選手11 プレイヤーアウト,,0,0,10000011,0,87,0,0,1,,,,
1111111,231,2,4:37,111,チームA,4,,選手4,,#4 選手4 プレイヤーアウト,,0,0,10000004,0,87,0,0,1,,,,
1111111,232,2,4:37,111,チームA,6,,選手6,,#6 選手6 プレイヤーイン,,0,0,10000006,0,86,0,0,1,,,,
1111111,233,2,4:37,111,チームA,7,,選手7,,#7 選手7 プレイヤーイン,,0,0,10000007,0,86,0,0,1,,,,
1111111,234,2,4:37,222,チームB,1,,選手13,,#1 選手13 プレイヤーアウト,,0,0,10000013,0,87,0,0,2,,,,
1111111,235,2,4:37,222,チームB,6,,選手18,,#6 選手18 プレイヤーイン,,0,0,10000018,0,86,0,0,2,,,,
1111111,236,2,4:37,222,チームB,4,,選手16,,#4 選手16 フリースロー× 1/2,,0,0,10000016,0,8,102,0,2,,,,
1111111,237,2,4:37,222,チームB,4,,選手16,,#4 選手16 フリースロー○(1点) 2/2 ポインツオフターンオーバー,29-20,0,0,10000016,0,7,104,36,2,,,,
1111111,238,2,4:16,111,チームA,6,,選手6,,#6 選手6 2Pシュート インサイドペイント× ジャンプショット,,0,0,10000006,0,6,27,0,1,inthepaint,5.929999828,59.93999863,left
1111111,239,2,4:14,222,チームB,4,,選手16,,#4 選手16 ディフェンスリバウンド(0-4-4),,0,0,10000016,0,9,0,0,2,,,,
1111111,240,2,4:01,222,チームB,3,,選手15,,#3 選手15 2Pシュート インサイドペイント× ドライビングレイアップ,,0,0,10000015,0,6,94,0,2,inthepaint,92.04000092,57.97000122,right
1111111,241,2,3:58,111,チームA,7,,選手7,,#7 選手7 ディフェンスリバウンド(0-2-2),,0,0,10000007,0,9,0,0,1,,,,
1111111,242,2,3:45,111,チームA,7,,選手7,,#7 選手7 ターンオーバー(1本) ボールハンドリング,,0,0,10000007,0,13,147,0,1,,,,
1111111,243,2,3:45,222,チームB,7,,選手19,,#7 選手19 スティール(2本),,0,0,10000019,0,14,0,0,2,,,,
1111111,244,2,3:32,222,チームB,3,,選手15,,#3 選手15 2Pシュート アウトサイドペイント× プルアップジャンプショット,,0,0,10000015,0,5,98,0,2,insideright,81.12000275,30.85000038,right
1111111,245,2,3:30,111,チームA,7,,選手7,,#7 選手7 ディフェンスリバウンド(0-3-3),,0,0,10000007,0,9,0,0,1,,,,
1111111,246,2,3:13,111,チームA,3,,選手3,,#3 選手3 3Pシュート○(7点) ジャンプショット,32-20,0,0,10000003,0,1,27,0,1,outsideright,19.5,89.88999939,left
1111111,247,2,3:13,111,チームA,1,,選手1,,#1 選手1 アシスト(4本),,0,0,10000001,0,12,0,0,1,,,,
1111111,248,2,3:13,222,チームB,,,,,タイムアウト フル,,0,0,0,0,88,139,0,2,,,,
1111111,249,2,3:13,111,チームA,1,,選手1,,#1 選手1 プレイヤーアウト,,0,0,10000001,0,87,0,0,1,,,,
1111111,250,2,3:13,111,チームA,2,,選手2,,#2 選手2 プレイヤーアウト,,0,0,10000002,0,87,0,0,1,,,,
1111111,251,2,3:13,111,チームA,9,,選手9,,#9 選手9 プレイヤーイン,,0,0,10000009,0,86,0,0,1,,,,
1111111,252,2,3:13,111,チームA,8,,選手8,,#8 選手8 プレイヤーイン,,0,0,10000008,0,86,0,0,1,,,,
1111111,253,2,3:13,222,チームB,7,,選手19,,#7 選手19 プレイヤーアウト,,0,0,10000019,0,87,0,0,2,,,,
1111111,254,2,3:13,222,チームB,1,,選手13,,#1 選手13 プレイヤーイン,,0,0,10000013,0,86,0,0,2,,,,
1111111,255,2,2:58,111,チームA,8,,選手8,,#8 選手8 パーソナルファウル(1-5:2) 2ショット,,0,0,10000008,0,22,32,0,1,,,,
1111111,256,2,2:58,222,チームB,1,,選手13,,#1 選手13 ファウルドローン(6本),,0,0,10000013,0,15,0,0,2,,,,
1111111,257,2,2:58,222,チームB,1,,選手13,,#1 選手13 フリースロー○(9点) 1/2,32-21,0,0,10000013,0,7,102,0,2,,,,
1111111,258,2,2:58,222,チームB,1,,選手13,,#1 選手13 フリースロー○(10点) 2/2,32-22,0,0,10000013,0,7,104,0,2,,,,
1111111,259,2,2:34,111,チームA,3,,選手3,,#3 選手3 2Pシュート アウトサイドペイント× ジャンプショット,,0,0,10000003,0,5,27,0,1,insiderightwing,9.050000191,88.76000214,left
1111111,260,2,2:32,222,チームB,6,,選手18,,#6 選手18 ディフェンスリバウンド(0-1-1),,0,0,10000018,0,9,0,0,2,,,,
1111111,261,2,2:23,222,チームB,6,,選手18,,#6 選手18 2Pシュート インサイドペイント○(4点) ドライビングレイアップ,32-24,0,0,10000018,0,4,94,0,2,underbasket,92.51000214,57.11999893,right
1111111,262,2,2:23,111,チームA,,,,,タイムアウト フル,,0,0,0,0,88,139,0,1,,,,
1111111,263,2,2:01,111,チームA,6,,選手6,,#6 選手6 2Pシュート アウトサイドペイント× プルアップジャンプショット,,0,0,10000006,0,5,98,0,1,insideright,21.37000084,81.41000366,left
1111111,264,2,1:58,222,チームB,6,,選手18,,#6 選手18 ディフェンスリバウンド(0-2-2),,0,0,10000018,0,9,0,0,2,,,,
1111111,265,2,1:39,111,チームA,6,,選手6,,#6 選手6 プレイヤーアウト,,0,0,10000006,0,87,0,0,1,,,,
1111111,266,2,1:39,111,チームA,8,,選手8,,#8 選手8 プレイヤーアウト,,0,0,10000008,0,87,0,0,1,,,,
1111111,267,2,1:39,111,チームA,1,,選手1,,#1 選手1 プレイヤーイン,,0,0,10000001,0,86,0,0,1,,,,
1111111,268,2,1:39,111,チームA,2,,選手2,,#2 選手2 プレイヤーイン,,0,0,10000002,0,86,0,0,1,,,,
1111111,269,2,1:33,222,チームB,4,,選手16,,#4 選手16 2Pシュート インサイドペイント× アリウープ,,0,0,10000016,0,6,93,0,2,underbasket,93.44999695,52.88000107,right
1111111,270,2,1:30,111,チームA,2,,選手2,,#2 選手2 ディフェンスリバウンド(0-4-4),,0,0,10000002,0,9,0,0,1,,,,
1111111,271,2,1:26,111,チームA,7,,選手7,,#7 選手7 2Pシュート インサイドペイント○(2点) レイアップ ファストブレイク,34-24,0,0,10000007,0,4,28,35,1,underbasket,7.019999981,54.58000183,left
1111111,272,2,1:26,111,チームA,3,,選手3,,#3 選手3 アシスト(3本),,0,0,10000003,0,12,0,0,1,,,,
1111111,273,2,1:18,222,チームB,3,,選手15,,#3 選手15 ターンオーバー(2本) バッドパス,,0,0,10000015,0,13,149,0,2,,,,
1111111,274,2,1:18,111,チームA,3,,選手3,,#3 選手3 スティール(1本),,0,0,10000003,0,14,0,0,1,,,,
1111111,275,2,1:13,111,チームA,2,,選手2,,#2 選手2 2Pシュート インサイドペイント○(2点) ジャンプショット ファストブレイクポインツオフターンオーバー,36-24,0,0,10000002,0,4,27,38,1,inthepaint,6.079999924,41.02000046,left
1111111,276,2,1:13,111,チームA,9,,選手9,,#9 選手9 アシスト(1本),,0,0,10000009,0,12,0,0,1,,,,
1111111,277,2,0:47,111,チームA,2,,選手2,,#2 選手2 パーソナルファウル(2-6:2) シューティング 2ショット,,0,0,10000002,0,22,32,39,1,,,,
1111111,278,2,0:47,222,チームB,1,,選手13,,#1 選手13 ファウルドローン(7本),,0,0,10000013,0,15,0,0,2,,,,
1111111,279,2,0:47,222,チームB,8,,選手20,,#8 選手20 プレイヤーアウト,,0,0,10000020,0,87,0,0,2,,,,
1111111,280,2,0:47,222,チームB,5,,選手17,,#5 選手17 プレイヤーイン,,0,0,10000017,0,86,0,0,2,,,,
1111111,281,2,0:47,222,チームB,1,,選手13,,#1 選手13 フリースロー○(11点) 1/2,36-25,0,0,10000013,0,7,102,0,2,,,,
1111111,282,2,0:47,222,チームB,1,,選手13,,#1 選手13 フリースロー○(12点) 2/2,36-26,0,0,10000013,0,7,104,0,2,,,,
1111111,283,2,0:31,111,チームA,1,,選手1,,#1 選手1 3Pシュート× ジャンプショット,,0,0,10000001,0,2,27,0,1,outsideleft,29.32999992,31.12999916,left
1111111,284,2,0:28,222,チームB,,,,, チームディフェンスリバウンド(1-3-4),,0,0,0,0,19,0,0,2,,,,
1111111,285,2,0:28,111,チームA,2,,選手2,,#2 選手2 プレイヤーアウト,,0,0,10000002,0,87,0,0,1,,,,
1111111,286,2,0:28,111,チームA,3,,選手3,,#3 選手3 プレイヤーアウト,,0,0,10000003,0,87,0,0,1,,,,
1111111,287,2,0:28,111,チームA,10,,選手10,,#10 選手10 プレイヤーイン,,0,0,10000010,0,86,0,0,1,,,,
1111111,288,2,0:28,111,チームA,4,,選手4,,#4 選手4 プレイヤーイン,,0,0,10000004,0,86,0,0,1,,,,
1111111,289,2,0:06,222,チームB,5,,選手17,,#5 選手17 ターンオーバー(2本) バッドパス,,0,0,10000017,0,13,149,0,2,,,,
1111111,290,2,0:06,111,チームA,7,,選手7,,#7 選手7 スティール(1本),,0,0,10000007,0,14,0,0,1,,,,
1111111,291,2,0:01,111,チームA,9,,選手9,,#9 選手9 3Pシュート× プルアップジャンプショット,,0,0,10000009,0,2,98,0,1,outsideleft,19.5,11.35999966,left
1111111,292,2,0:00,0,,,,,,,36-26,1,0,0,0,83,0,0,0,,,,
1111111,293,3,10:00,111,チームA,10,,選手10,,#10 選手10 プレイヤーアウト,,0,0,10000010,0,87,0,0,1,,,,
1111111,294,3,10:00,111,チームA,7,,選手7,,#7 選手7 プレイヤーアウト,,0,0,10000007,0,87,0,0,1,,,,
1111111,295,3,10:00,111,チームA,2,,選手2,,#2 選手2 プレイヤーイン,,0,0,10000002,0,86,0,0,1,,,,
1111111,296,3,10:00,111,チームA,3,,選手3,,#3 選手3 プレイヤーイン,,0,0,10000003,0,86,0,0,1,,,,
1111111,297,3,9:42,222,チームB,6,,選手18,,#6 選手18 2Pシュート インサイドペイント○(6点) ジャンプショット,36-28,0,0,10000018,0,4,27,0,2,inthepaint,10.85000038,62.65999985,left
1111111,298,3,9:13,111,チームA,,,,,チームターンオーバー(1本) 24秒バイオレーション,,0,0,0,0,17,34,0,1,,,,
1111111,299,3,8:55,222,チームB,1,,選手13,,#1 選手13 2Pシュート インサイドペイント○(14点) ジャンプショット ポインツオフターンオーバー,36-30,0,0,10000013,0,4,27,36,2,underbasket,4.989999771,44.40999985,left
1111111,300,3,8:55,222,チームB,5,,選手17,,#5 選手17 アシスト(1本),,0,0,10000017,0,12,0,0,2,,,,
1111111,301,3,8:39,111,チームA,1,,選手1,,#1 選手1 3Pシュート× ジャンプショット,,0,0,10000001,0,2,27,0,1,outsideleft,82.83999634,93.83999634,right
1111111,302,3,8:36,222,チームB,4,,選手16,,#4 選手16 ディフェンスリバウンド(0-5-5),,0,0,10000016,0,9,0,0,2,,,,
1111111,303,3,8:12,222,チームB,4,,選手16,,#4 選手16 2Pシュート インサイドペイント× ジャンプショット,,0,0,10000016,0,6,27,0,2,inthepaint,19.04999924,51.22999954,left
1111111,304,3,8:12,111,チームA,2,,選手2,,#2 選手2 ブロックショット(1本),,0,0,10000002,0,11,0,0,1,,,,
1111111,305,3,8:11,222,チームB,4,,選手16,,#4 選手16 オフェンスリバウンド(1-5-6),,0,0,10000016,0,10,0,0,2,,,,
1111111,306,3,8:09,222,チームB,,,,,チームターンオーバー(1本) 24秒バイオレーション,,0,0,0,0,17,34,0,2,,,,
1111111,307,3,7:58,222,チームB,4,,選手16,,#4 選手16 パーソナルファウル(1-1:2) シューティング 2ショット,,0,0,10000016,0,22,32,39,2,,,,
1111111,308,3,7:58,111,チームA,3,,選手3,,#3 選手3 ファウルドローン(2本),,0,0,10000003,0,15,0,0,1,,,,
1111111,309,3,7:58,111,チームA,3,,選手3,,#3 選手3 フリースロー○(8点) 1/2 ポインツオフターンオーバー,37-30,0,0,10000003,0,7,102,36,1,,,,
1111111,310,3,7:58,111,チームA,3,,選手3,,#3 選手3 フリースロー○(9点) 2/2 ポインツオフターンオーバー,38-30,0,0,10000003,0,7,104,36,1,,,,
1111111,311,3,7:50,222,チームB,6,,選手18,,#6 選手18 ターンオーバー(2本) バッドパス,,0,0,10000018,0,13,149,0,2,,,,
1111111,312,3,7:50,111,チームA,9,,選手9,,#9 選手9 スティール(2本),,0,0,10000009,0,14,0,0,1,,,,
1111111,313,3,7:48,222,チームB,5,,選手17,,#5 選手17 パーソナルファウル(3-2:0) 0ショット,,0,0,10000017,0,22,30,0,2,,,,
1111111,314,3,7:48,111,チームA,9,,選手9,,#9 選手9 ファウルドローン(1本),,0,0,10000009,0,15,0,0,1,,,,
1111111,315,3,7:48,222,チームB,5,,選手17,,#5 選手17 プレイヤーアウト,,0,0,10000017,0,87,0,0,2,,,,
1111111,316,3,7:48,222,チームB,8,,選手20,,#8 選手20 プレイヤーイン,,0,0,10000020,0,86,0,0,2,,,,
1111111,317,3,7:26,111,チームA,9,,選手9,,#9 選手9 3Pシュート× ジャンプショット,,0,0,10000009,0,2,27,0,1,outsideleft,78.16000366,87.33999634,right
1111111,318,3,7:26,222,チームB,4,,選手16,,#4 選手16 ブロックショット(1本),,0,0,10000016,0,11,0,0,2,,,,
1111111,319,3,7:24,111,チームA,,,,,チームオフェンスリバウンド(2-0-2),,0,0,0,0,18,0,0,1,,,,
1111111,320,3,7:24,111,チームA,,,,,チームターンオーバー(2本) 24秒バイオレーション,,0,0,0,0,17,34,0,1,,,,
1111111,321,3,7:06,222,チームB,1,,選手13,,#1 選手13 2Pシュート インサイドペイント○(16点) ドライビングレイアップ ポインツオフターンオーバー,38-32,0,0,10000013,0,4,94,36,2,underbasket,7.179999828,52.31999969,left
1111111,322,3,6:53,111,チームA,1,,選手1,,#1 選手1 3Pシュート× ジャンプショット,,0,0,10000001,0,2,27,0,1,outsiderightwing,95.62999725,2.319999933,right
1111111,323,3,6:51,222,チームB,1,,選手13,,#1 選手13 ディフェンスリバウンド(2-2-4),,0,0,10000013,0,9,0,0,2,,,,
1111111,324,3,6:39,222,チームB,3,,選手15,,#3 選手15 ターンオーバー(3本) バッドパス,,0,0,10000015,0,13,149,0,2,,,,
1111111,325,3,6:39,111,チームA,3,,選手3,,#3 選手3 スティール(2本),,0,0,10000003,0,14,0,0,1,,,,
1111111,326,3,6:35,111,チームA,3,,選手3,,#3 選手3 2Pシュート インサイドペイント○(11点) レイアップ ファストブレイクポインツオフターンオーバー,40-32,0,0,10000003,0,4,28,38,1,inthepaint,90.5,42.95000076,right
1111111,327,3,6:07,222,チームB,6,,選手18,,#6 選手18 3Pシュート× ジャンプショット,,0,0,10000018,0,2,27,0,2,outsideleft,31.51000023,29.71999931,left
1111111,328,3,6:05,222,チームB,3,,選手15,,#3 選手15 オフェンスリバウンド(2-0-2),,0,0,10000015,0,10,0,0,2,,,,
1111111,329,3,6:00,222,チームB,4,,選手16,,#4 選手16 3Pシュート○(4点) ジャンプショット セカンドチャンス,40-35,0,0,10000016,0,1,27,37,2,outsideleft,20.28000069,12.48999977,left
1111111,330,3,6:00,222,チームB,8,,選手20,,#8 選手20 アシスト(1本),,0,0,10000020,0,12,0,0,2,,,,
1111111,331,3,5:40,111,チームA,4,,選手4,,#4 選手4 2Pシュート インサイドペイント○(10点) フェイドアウェイ,42-35,0,0,10000004,0,4,91,0,1,inthepaint,86.43000031,52.02999878,right
1111111,332,3,5:40,111,チームA,2,,選手2,,#2 選手2 アシスト(1本),,0,0,10000002,0,12,0,0,1,,,,
1111111,333,3,5:24,222,チームB,8,,選手20,,#8 選手20 2Pシュート アウトサイドペイント× ジャンプショット,,0,0,10000020,0,5,27,0,2,insideleft,19.80999947,21.53000069,left
1111111,334,3,5:24,111,チームA,2,,選手2,,#2 選手2 ブロックショット(2本),,0,0,10000002,0,11,0,0,1,,,,
1111111,335,3,5:21,111,チームA,3,,選手3,,#3 選手3 ディフェンスリバウンド(0-4-4),,0,0,10000003,0,9,0,0,1,,,,
1111111,336,3,5:13,111,チームA,1,,選手1,,#1 選手1 ターンオーバー(2本) バッドパス,,0,0,10000001,0,13,149,0,1,,,,
1111111,337,3,5:13,222,チームB,8,,選手20,,#8 選手20 スティール(1本),,0,0,10000020,0,14,0,0,2,,,,
1111111,338,3,5:08,111,チームA,9,,選手9,,#9 選手9 パーソナルファウル(1-1:0) 0ショット,,0,0,10000009,0,22,30,0,1,,,,
1111111,339,3,5:08,222,チームB,6,,選手18,,#6 選手18 ファウルドローン(1本),,0,0,10000018,0,15,0,0,2,,,,
1111111,340,3,5:08,111,チームA,9,,選手9,,#9 選手9 プレイヤーアウト,,0,0,10000009,0,87,0,0,1,,,,
1111111,341,3,5:08,111,チームA,5,,選手5,,#5 選手5 プレイヤーイン,,0,0,10000005,0,86,0,0,1,,,,
1111111,342,3,4:59,222,チームB,8,,選手20,,#8 選手20 ターンオーバー(1本) ボールハンドリング,,0,0,10000020,0,13,147,0,2,,,,
1111111,343,3,4:59,222,チームB,1,,選手13,,#1 選手13 プレイヤーアウト,,0,0,10000013,0,87,0,0,2,,,,
1111111,344,3,4:59,222,チームB,7,,選手19,,#7 選手19 プレイヤーイン,,0,0,10000019,0,86,0,0,2,,,,
1111111,345,3,4:59,222,チームB,8,,選手20,,#8 選手20 プレイヤーアウト,,0,0,10000020,0,87,0,0,2,,,,
1111111,346,3,4:59,222,チームB,2,,選手14,,#2 選手14 プレイヤーイン,,0,0,10000014,0,86,0,0,2,,,,
1111111,347,3,4:43,222,チームB,6,,選手18,,#6 選手18 パーソナルファウル(1-3:0) 0ショット,,0,0,10000018,0,22,30,0,2,,,,
1111111,348,3,4:43,111,チームA,2,,選手2,,#2 選手2 ファウルドローン(1本),,0,0,10000002,0,15,0,0,1,,,,
1111111,349,3,4:43,111,チームA,4,,選手4,,#4 選手4 プレイヤーアウト,,0,0,10000004,0,87,0,0,1,,,,
1111111,350,3,4:43,111,チームA,7,,選手7,,#7 選手7 プレイヤーイン,,0,0,10000007,0,86,0,0,1,,,,
1111111,351,3,4:39,222,チームB,6,,選手18,,#6 選手18 パーソナルファウル(2-4:0) 0ショット,,0,0,10000018,0,22,30,0,2,,,,
1111111,352,3,4:39,111,チームA,3,,選手3,,#3 選手3 ファウルドローン(3本),,0,0,10000003,0,15,0,0,1,,,,
1111111,353,3,4:39,222,チームB,6,,選手18,,#6 選手18 プレイヤーアウト,,0,0,10000018,0,87,0,0,2,,,,
1111111,354,3,4:39,222,チームB,8,,選手20,,#8 選手20 プレイヤーイン,,0,0,10000020,0,86,0,0,2,,,,
1111111,355,3,4:36,111,チームA,5,,選手5,,#5 選手5 2Pシュート インサイドペイント○(4点) ジャンプショット ポインツオフターンオーバー,44-35,0,0,10000005,0,4,27,36,1,inthepaint,91.11000061,56.27000046,right
1111111,356,3,4:36,111,チームA,1,,選手1,,#1 選手1 アシスト(5本),,0,0,10000001,0,12,0,0,1,,,,
1111111,357,3,4:20,222,チームB,8,,選手20,,#8 選手20 2Pシュート インサイドペイント× ドライビングレイアップ,,0,0,10000020,0,6,94,0,2,underbasket,6.860000134,55.13999939,left
1111111,358,3,4:18,111,チームA,1,,選手1,,#1 選手1 ディフェンスリバウンド(0-1-1),,0,0,10000001,0,9,0,0,1,,,,
1111111,359,3,4:06,111,チームA,2,,選手2,,#2 選手2 2Pシュート インサイドペイント○(4点) ジャンプショット,46-35,0,0,10000002,0,4,27,0,1,underbasket,92.98000336,56.54999924,right
1111111,360,3,4:06,111,チームA,1,,選手1,,#1 選手1 アシスト(6本),,0,0,10000001,0,12,0,0,1,,,,
1111111,361,3,4:06,222,チームB,,,,,タイムアウト フル,,0,0,0,0,88,139,0,2,,,,
1111111,362,3,4:06,111,チームA,1,,選手1,,#1 選手1 プレイヤーアウト,,0,0,10000001,0,87,0,0,1,,,,
1111111,363,3,4:06,111,チームA,6,,選手6,,#6 選手6 プレイヤーイン,,0,0,10000006,0,86,0,0,1,,,,
1111111,364,3,4:06,222,チームB,2,,選手14,,#2 選手14 プレイヤーアウト,,0,0,10000014,0,87,0,0,2,,,,
1111111,365,3,4:06,222,チームB,10,,選手22,,#10 選手22 プレイヤーイン,,0,0,10000022,0,86,0,0,2,,,,
1111111,366,3,3:46,222,チームB,10,,選手22,,#10 選手22 2Pシュート アウトサイドペイント× プルアップジャンプショット,,0,0,10000022,0,5,98,0,2,insidecenter,28.23999977,37.63000107,left
1111111,367,3,3:46,111,チームA,3,,選手3,,#3 選手3 ブロックショット(1本),,0,0,10000003,0,11,0,0,1,,,,
1111111,368,3,3:45,111,チームA,3,,選手3,,#3 選手3 ディフェンスリバウンド(0-5-5),,0,0,10000003,0,9,0,0,1,,,,
1111111,369,3,3:41,111,チームA,2,,選手2,,#2 選手2 2Pシュート インサイドペイント× レイアップ,,0,0,10000002,0,6,28,0,1,underbasket,94.06999969,45.25,right
1111111,370,3,3:39,222,チームB,3,,選手15,,#3 選手15 ディフェンスリバウンド(2-1-3),,0,0,10000015,0,9,0,0,2,,,,
1111111,371,3,3:35,222,チームB,4,,選手16,,#4 選手16 3Pシュート○(7点) ジャンプショット ファストブレイク,46-38,0,0,10000016,0,1,27,35,2,outsiderightwing,8.890000343,96.66999817,left
1111111,372,3,3:35,222,チームB,3,,選手15,,#3 選手15 アシスト(2本),,0,0,10000015,0,12,0,0,2,,,,
1111111,373,3,3:14,111,チームA,5,,選手5,,#5 選手5 3Pシュート○(7点) ジャンプショット,49-38,0,0,10000005,0,1,27,0,1,outsideright,70.83000183,32.81999969,right
1111111,374,3,3:14,111,チームA,2,,選手2,,#2 選手2 アシスト(2本),,0,0,10000002,0,12,0,0,1,,,,
1111111,375,3,2:55,222,チームB,4,,選手16,,#4 選手16 3Pシュート× プルアップジャンプショット,,0,0,10000016,0,2,98,0,2,outsideleft,26.52000046,26.04999924,left
1111111,376,3,2:53,111,チームA,,,,, チームディフェンスリバウンド(2-1-3),,0,0,0,0,19,0,0,1,,,,
1111111,377,3,2:53,222,チームB,10,,選手22,,#10 選手22 パーソナルファウル(1-5:2) 2ショット,,0,0,10000022,0,22,32,0,2,,,,
1111111,378,3,2:53,111,チームA,6,,選手6,,#6 選手6 ファウルドローン(4本),,0,0,10000006,0,15,0,0,1,,,,
1111111,379,3,2:53,111,チームA,2,,選手2,,#2 選手2 プレイヤーアウト,,0,0,10000002,0,87,0,0,1,,,,
1111111,380,3,2:53,111,チームA,3,,選手3,,#3 選手3 プレイヤーアウト,,0,0,10000003,0,87,0,0,1,,,,
1111111,381,3,2:53,111,チームA,10,,選手10,,#10 選手10 プレイヤーイン,,0,0,10000010,0,86,0,0,1,,,,
1111111,382,3,2:53,111,チームA,4,,選手4,,#4 選手4 プレイヤーイン,,0,0,10000004,0,86,0,0,1,,,,
1111111,383,3,2:53,222,チームB,10,,選手22,,#10 選手22 プレイヤーアウト,,0,0,10000022,0,87,0,0,2,,,,
1111111,384,3,2:53,222,チームB,4,,選手16,,#4 選手16 プレイヤーアウト,,0,0,10000016,0,87,0,0,2,,,,
1111111,385,3,2:53,222,チームB,1,,選手13,,#1 選手13 プレイヤーイン,,0,0,10000013,0,86,0,0,2,,,,
1111111,386,3,2:53,222,チームB,5,,選手17,,#5 選手17 プレイヤーイン,,0,0,10000017,0,86,0,0,2,,,,
1111111,387,3,2:53,111,チームA,6,,選手6,,#6 選手6 フリースロー× 1/2,,0,0,10000006,0,8,102,0,1,,,,
1111111,388,3,2:53,111,チームA,6,,選手6,,#6 選手6 フリースロー○(9点) 2/2,50-38,0,0,10000006,0,7,104,0,1,,,,
1111111,389,3,2:36,222,チームB,5,,選手17,,#5 選手17 3Pシュート○(6点) ステップバックジャンプショット,50-41,0,0,10000017,0,1,97,0,2,outsideleft,25.12000084,15.88000011,left
1111111,390,3,2:09,111,チームA,6,,選手6,,#6 選手6 2Pシュート インサイドペイント○(11点) フローティングジャンプショット,52-41,0,0,10000006,0,4,96,0,1,inthepaint,87.51999664,58.25,right
1111111,391,3,1:53,222,チームB,3,,選手15,,#3 選手15 3Pシュート× プルアップジャンプショット,,0,0,10000015,0,2,98,0,2,outsideleft,25.12000084,20.95999908,left
1111111,392,3,1:50,111,チームA,,,,, チームディフェンスリバウンド(2-2-4),,0,0,0,0,19,0,0,1,,,,
1111111,393,3,1:32,111,チームA,5,,選手5,,#5 選手5 3Pシュート○(10点) ジャンプショット,55-41,0,0,10000005,0,1,27,0,1,outsideright,68.94999695,27.73999977,right
1111111,394,3,1:32,111,チームA,4,,選手4,,#4 選手4 アシスト(2本),,0,0,10000004,0,12,0,0,1,,,,
1111111,395,3,1:09,222,チームB,5,,選手17,,#5 選手17 2Pシュート インサイドペイント× ドライビングレイアップ,,0,0,10000017,0,6,94,0,2,inthepaint,8.949999809,56.36999893,left
1111111,396,3,1:07,111,チームA,4,,選手4,,#4 選手4 ディフェンスリバウンド(0-3-3),,0,0,10000004,0,9,0,0,1,,,,
1111111,397,3,0:51,111,チームA,7,,選手7,,#7 選手7 2Pシュート アウトサイドペイント○(4点) ジャンプショット,57-41,0,0,10000007,0,3,27,0,1,insideright,86.73999786,28.30999947,right
1111111,398,3,0:51,111,チームA,4,,選手4,,#4 選手4 アシスト(3本),,0,0,10000004,0,12,0,0,1,,,,
1111111,399,3,0:29,222,チームB,3,,選手15,,#3 選手15 3Pシュート× ジャンプショット,,0,0,10000015,0,2,27,0,2,outsideright,21.56999969,86.66000366,left
1111111,400,3,0:27,111,チームA,7,,選手7,,#7 選手7 ディフェンスリバウンド(0-4-4),,0,0,10000007,0,9,0,0,1,,,,
1111111,401,3,0:09,111,チームA,6,,選手6,,#6 選手6 2Pシュート インサイドペイント○(13点) フローティングジャンプショット,59-41,0,0,10000006,0,4,96,0,1,inthepaint,84.40000153,63.33000183,right
1111111,402,3,0:00,0,,,,,,,59-41,1,0,0,0,83,0,0,0,,,,
1111111,403,4,10:00,222,チームB,7,,選手19,,#7 選手19 プレイヤーアウト,,0,0,10000019,0,87,0,0,2,,,,
1111111,404,4,10:00,222,チームB,4,,選手16,,#4 選手16 プレイヤーイン,,0,0,10000016,0,86,0,0,2,,,,
1111111,405,4,10:00,222,チームB,2,,選手14,,#2 選手14 プレイヤーイン,,0,0,10000014,0,86,0,0,2,,,,
1111111,406,4,10:00,222,チームB,3,,選手15,,#3 選手15 プレイヤーアウト,,0,0,10000015,0,87,0,0,2,,,,
1111111,407,4,9:39,111,チームA,5,,選手5,,#5 選手5 3Pシュート○(13点) プルアップジャンプショット,62-41,0,0,10000005,0,1,98,0,1,outsidecenter,68.01999664,46.66999817,right
1111111,408,4,9:15,222,チームB,5,,選手17,,#5 選手17 2Pシュート アウトサイドペイント× ジャンプショット,,0,0,10000017,0,5,27,0,2,insidecenter,23.87000084,32.25999832,left
1111111,409,4,9:13,111,チームA,5,,選手5,,#5 選手5 ディフェンスリバウンド(0-1-1),,0,0,10000005,0,9,0,0,1,,,,
1111111,410,4,8:54,111,チームA,6,,選手6,,#6 選手6 3Pシュート× プルアップジャンプショット,,0,0,10000006,0,2,98,0,1,outsideleft,70.94000244,66.66000366,right
1111111,411,4,8:52,111,チームA,4,,選手4,,#4 選手4 オフェンスリバウンド(1-3-4),,0,0,10000004,0,10,0,0,1,,,,
1111111,412,4,8:41,222,チームB,1,,選手13,,#1 選手13 パーソナルファウル(3-1:2) シューティング 2ショット,,0,0,10000013,0,22,32,39,2,,,,
1111111,413,4,8:41,111,チームA,4,,選手4,,#4 選手4 ファウルドローン(4本),,0,0,10000004,0,15,0,0,1,,,,
1111111,414,4,8:41,111,チームA,4,,選手4,,#4 選手4 フリースロー○(11点) 1/2 セカンドチャンス,63-41,0,0,10000004,0,7,102,37,1,,,,
1111111,415,4,8:41,111,チームA,6,,選手6,,#6 選手6 アシスト(1本),,0,0,10000006,0,12,0,0,1,,,,
1111111,416,4,8:41,111,チームA,4,,選手4,,#4 選手4 フリースロー○(12点) 2/2 セカンドチャンス,64-41,0,0,10000004,0,7,104,37,1,,,,
1111111,417,4,8:36,222,チームB,4,,選手16,,#4 選手16 ターンオーバー(4本) ボールハンドリング,,0,0,10000016,0,13,147,0,2,,,,
1111111,418,4,8:36,111,チームA,7,,選手7,,#7 選手7 スティール(2本),,0,0,10000007,0,14,0,0,1,,,,
1111111,419,4,8:27,111,チームA,10,,選手10,,#10 選手10 3Pシュート○(5点) ジャンプショット ファストブレイクポインツオフターンオーバー,67-41,0,0,10000010,0,1,27,38,1,outsiderightwing,95.01000214,3.450000048,right
1111111,420,4,8:27,111,チームA,6,,選手6,,#6 選手6 アシスト(2本),,0,0,10000006,0,12,0,0,1,,,,
1111111,421,4,8:27,222,チームB,,,,,タイムアウト フル,,0,0,0,0,88,139,0,2,,,,
1111111,422,4,8:10,222,チームB,2,,選手14,,#2 選手14 2Pシュート アウトサイドペイント× プルアップジャンプショット,,0,0,10000014,0,5,98,0,2,insideleftwing,5.769999981,17.85000038,left
1111111,423,4,8:08,111,チームA,7,,選手7,,#7 選手7 ディフェンスリバウンド(0-5-5),,0,0,10000007,0,9,0,0,1,,,,
1111111,424,4,7:43,111,チームA,6,,選手6,,#6 選手6 2Pシュート アウトサイドペイント× フェイドアウェイ,,0,0,10000006,0,5,91,0,1,insideright,88.13999939,22.65999985,right
1111111,425,4,7:41,111,チームA,,,,,チームターンオーバー(3本) 24秒バイオレーション,,0,0,0,0,17,34,0,1,,,,
1111111,426,4,7:41,222,チームB,8,,選手20,,#8 選手20 プレイヤーアウト,,0,0,10000020,0,87,0,0,2,,,,
1111111,427,4,7:41,222,チームB,2,,選手14,,#2 選手14 プレイヤーアウト,,0,0,10000014,0,87,0,0,2,,,,
1111111,428,4,7:41,222,チームB,3,,選手15,,#3 選手15 プレイヤーイン,,0,0,10000015,0,86,0,0,2,,,,
1111111,429,4,7:41,222,チームB,7,,選手19,,#7 選手19 プレイヤーイン,,0,0,10000019,0,86,0,0,2,,,,
1111111,430,4,7:24,222,チームB,1,,選手13,,#1 選手13 2Pシュート インサイドペイント○(18点) ジャンプショット ポインツオフターンオーバー,67-43,0,0,10000013,0,4,27,36,2,underbasket,8.579999924,48.36000061,left
1111111,431,4,6:57,111,チームA,6,,選手6,,#6 選手6 3Pシュート× ジャンプショット,,0,0,10000006,0,2,27,0,1,outsidecenter,67.38999939,32.81999969,right
1111111,432,4,6:55,111,チームA,,,,,チームターンオーバー(4本) 24秒バイオレーション,,0,0,0,0,17,34,0,1,,,,
1111111,433,4,6:53,222,チームB,3,,選手15,,#3 選手15 ターンオーバー(4本) バッドパス,,0,0,10000015,0,13,149,0,2,,,,
1111111,434,4,6:53,111,チームA,7,,選手7,,#7 選手7 スティール(3本),,0,0,10000007,0,14,0,0,1,,,,
1111111,435,4,6:50,222,チームB,3,,選手15,,#3 選手15 パーソナルファウル(3-2:2) シューティング 2ショット,,0,0,10000015,0,22,32,39,2,,,,
1111111,436,4,6:50,111,チームA,10,,選手10,,#10 選手10 ファウルドローン(1本),,0,0,10000010,0,15,0,0,1,,,,
1111111,437,4,6:50,111,チームA,6,,選手6,,#6 選手6 プレイヤーアウト,,0,0,10000006,0,87,0,0,1,,,,
1111111,438,4,6:50,111,チームA,5,,選手5,,#5 選手5 プレイヤーアウト,,0,0,10000005,0,87,0,0,1,,,,
1111111,439,4,6:50,111,チームA,1,,選手1,,#1 選手1 プレイヤーイン,,0,0,10000001,0,86,0,0,1,,,,
1111111,440,4,6:50,111,チームA,9,,選手9,,#9 選手9 プレイヤーイン,,0,0,10000009,0,86,0,0,1,,,,
1111111,441,4,6:50,222,チームB,5,,選手17,,#5 選手17 プレイヤーアウト,,0,0,10000017,0,87,0,0,2,,,,
1111111,442,4,6:50,222,チームB,6,,選手18,,#6 選手18 プレイヤーイン,,0,0,10000018,0,86,0,0,2,,,,
1111111,443,4,6:50,111,チームA,10,,選手10,,#10 選手10 フリースロー○(6点) 1/2 ファストブレイクポインツオフターンオーバー,68-43,0,0,10000010,0,7,102,38,1,,,,
1111111,444,4,6:50,111,チームA,7,,選手7,,#7 選手7 アシスト(1本),,0,0,10000007,0,12,0,0,1,,,,
1111111,445,4,6:50,111,チームA,10,,選手10,,#10 選手10 フリースロー○(7点) 2/2 ファストブレイクポインツオフターンオーバー,69-43,0,0,10000010,0,7,104,38,1,,,,
1111111,446,4,6:29,222,チームB,4,,選手16,,#4 選手16 2Pシュート インサイドペイント× ジャンプショット,,0,0,10000016,0,6,27,0,2,inthepaint,7.639999866,58.25,left
1111111,447,4,6:27,111,チームA,7,,選手7,,#7 選手7 ディフェンスリバウンド(0-6-6),,0,0,10000007,0,9,0,0,1,,,,
1111111,448,4,6:20,111,チームA,10,,選手10,,#10 選手10 3Pシュート× ジャンプショット,,0,0,10000010,0,2,27,0,1,outsidecenter,68.16999817,48.63999939,right
1111111,449,4,6:18,111,チームA,1,,選手1,,#1 選手1 オフェンスリバウンド(1-1-2),,0,0,10000001,0,10,0,0,1,,,,
1111111,450,4,6:17,111,チームA,7,,選手7,,#7 選手7 3Pシュート○(7点) ジャンプショット セカンドチャンス,72-43,0,0,10000007,0,1,27,37,1,outsideright,73.48000336,22.09000015,right
1111111,451,4,6:17,111,チームA,1,,選手1,,#1 選手1 アシスト(7本),,0,0,10000001,0,12,0,0,1,,,,
1111111,452,4,5:57,222,チームB,1,,選手13,,#1 選手13 ターンオーバー(2本) バッドパス,,0,0,10000013,0,13,149,0,2,,,,
1111111,453,4,5:39,111,チームA,10,,選手10,,#10 選手10 3Pシュート× ジャンプショット,,0,0,10000010,0,2,27,0,1,outsideright,70.94000244,28.37000084,right
1111111,454,4,5:37,222,チームB,4,,選手16,,#4 選手16 ディフェンスリバウンド(1-6-7),,0,0,10000016,0,9,0,0,2,,,,
1111111,455,4,5:27,222,チームB,7,,選手19,,#7 選手19 3Pシュート× ジャンプショット,,0,0,10000019,0,2,27,0,2,outsideleft,12.64000034,5.139999866,left
1111111,456,4,5:23,222,チームB,6,,選手18,,#6 選手18 オフェンスリバウンド(1-2-3),,0,0,10000018,0,10,0,0,2,,,,
1111111,457,4,5:20,222,チームB,3,,選手15,,#3 選手15 3Pシュート○(3点) ジャンプショット セカンドチャンス,72-46,0,0,10000015,0,1,27,37,2,outsideright,25.27000046,79.72000122,left
1111111,458,4,5:20,222,チームB,6,,選手18,,#6 選手18 アシスト(2本),,0,0,10000018,0,12,0,0,2,,,,
1111111,459,4,5:05,222,チームB,6,,選手18,,#6 選手18 パーソナルファウル(3-3:0) 0ショット,,0,0,10000018,0,22,30,0,2,,,,
1111111,460,4,5:05,111,チームA,1,,選手1,,#1 選手1 ファウルドローン(2本),,0,0,10000001,0,15,0,0,1,,,,
1111111,461,4,5:00,111,チームA,7,,選手7,,#7 選手7 ターンオーバー(2本) バッドパス,,0,0,10000007,0,13,149,0,1,,,,
1111111,462,4,5:00,222,チームB,1,,選手13,,#1 選手13 スティール(2本),,0,0,10000013,0,14,0,0,2,,,,
1111111,463,4,4:57,111,チームA,1,,選手1,,#1 選手1 パーソナルファウル(2-1:0) 0ショット,,0,0,10000001,0,22,30,0,1,,,,
1111111,464,4,4:57,222,チームB,6,,選手18,,#6 選手18 ファウルドローン(2本),,0,0,10000018,0,15,0,0,2,,,,
1111111,465,4,4:57,0,,,,,,タイムアウト オフィシャル,,0,0,0,0,88,90,0,0,,,,
1111111,466,4,4:57,111,チームA,10,,選手10,,#10 選手10 プレイヤーアウト,,0,0,10000010,0,87,0,0,1,,,,
1111111,467,4,4:57,111,チームA,4,,選手4,,#4 選手4 プレイヤーアウト,,0,0,10000004,0,87,0,0,1,,,,
1111111,468,4,4:57,111,チームA,3,,選手3,,#3 選手3 プレイヤーイン,,0,0,10000003,0,86,0,0,1,,,,
1111111,469,4,4:57,111,チームA,8,,選手8,,#8 選手8 プレイヤーイン,,0,0,10000008,0,86,0,0,1,,,,
1111111,470,4,4:44,222,チームB,1,,選手13,,#1 選手13 2Pシュート アウトサイドペイント○(20点) フェイドアウェイ ポインツオフターンオーバー,72-48,0,0,10000013,0,3,91,36,2,insideleft,7.639999866,31.69000053,left
1111111,471,4,4:15,111,チームA,1,,選手1,,#1 選手1 2Pシュート アウトサイドペイント× ステップバックジャンプショット,,0,0,10000001,0,5,97,0,1,insidecenter,75.66000366,66.72000122,right
1111111,472,4,4:13,111,チームA,3,,選手3,,#3 選手3 オフェンスリバウンド(1-5-6),,0,0,10000003,0,10,0,0,1,,,,
1111111,473,4,3:59,111,チームA,,,,,チームターンオーバー(5本) 24秒バイオレーション,,0,0,0,0,17,34,0,1,,,,
1111111,474,4,3:59,222,チームB,7,,選手19,,#7 選手19 プレイヤーアウト,,0,0,10000019,0,87,0,0,2,,,,
1111111,475,4,3:59,222,チームB,5,,選手17,,#5 選手17 プレイヤーイン,,0,0,10000017,0,86,0,0,2,,,,
1111111,476,4,3:44,111,チームA,7,,選手7,,#7 選手7 パーソナルファウル(2-2:0) 0ショット,,0,0,10000007,0,22,30,0,1,,,,
1111111,477,4,3:44,222,チームB,1,,選手13,,#1 選手13 ファウルドローン(8本),,0,0,10000013,0,15,0,0,2,,,,
1111111,478,4,3:37,222,チームB,3,,選手15,,#3 選手15 3Pシュート× プルアップジャンプショット,,0,0,10000015,0,2,98,0,2,outsideright,27.93000031,71.80999756,left
1111111,479,4,3:35,111,チームA,7,,選手7,,#7 選手7 ディフェンスリバウンド(0-7-7),,0,0,10000007,0,9,0,0,1,,,,
1111111,480,4,3:29,111,チームA,1,,選手1,,#1 選手1 ターンオーバー(3本) バッドパス,,0,0,10000001,0,13,149,0,1,,,,
1111111,481,4,3:29,222,チームB,1,,選手13,,#1 選手13 スティール(3本),,0,0,10000013,0,14,0,0,2,,,,
1111111,482,4,3:24,222,チームB,3,,選手15,,#3 選手15 2Pシュート インサイドペイント○(5点) ドライビングレイアップ ファストブレイクポインツオフターンオーバー,72-50,0,0,10000015,0,4,94,38,2,inthepaint,10.44999981,44.97000122,left
1111111,483,4,3:15,222,チームB,6,,選手18,,#6 選手18 パーソナルファウル(4-4:0) 0ショット,,0,0,10000018,0,22,30,0,2,,,,
1111111,484,4,3:15,111,チームA,1,,選手1,,#1 選手1 ファウルドローン(3本),,0,0,10000001,0,15,0,0,1,,,,
1111111,485,4,3:15,111,チームA,1,,選手1,,#1 選手1 プレイヤーアウト,,0,0,10000001,0,87,0,0,1,,,,
1111111,486,4,3:15,111,チームA,11,,選手11,,#11 選手11 プレイヤーイン,,0,0,10000011,0,86,0,0,1,,,,
1111111,487,4,3:15,222,チームB,3,,選手15,,#3 選手15 プレイヤーアウト,,0,0,10000015,0,87,0,0,2,,,,
1111111,488,4,3:15,222,チームB,2,,選手14,,#2 選手14 プレイヤーイン,,0,0,10000014,0,86,0,0,2,,,,
1111111,489,4,2:57,111,チームA,8,,選手8,,#8 選手8 2Pシュート インサイドペイント○(2点) ドライビングレイアップ,74-50,0,0,10000008,0,4,94,0,1,inthepaint,91.29000092,59.22999954,right
1111111,490,4,2:57,222,チームB,,,,,タイムアウト フル,,0,0,0,0,88,139,0,2,,,,
1111111,491,4,2:47,222,チームB,2,,選手14,,#2 選手14 ターンオーバー(2本) バッドパス,,0,0,10000014,0,13,149,0,2,,,,
1111111,492,4,2:36,111,チームA,7,,選手7,,#7 選手7 2Pシュート インサイドペイント○(9点) ダンク ポインツオフターンオーバー,76-50,0,0,10000007,0,4,29,36,1,underbasket,90.80000305,52.31999969,right
1111111,493,4,2:36,111,チームA,9,,選手9,,#9 選手9 アシスト(2本),,0,0,10000009,0,12,0,0,1,,,,
1111111,494,4,2:24,111,チームA,11,,選手11,,#11 選手11 パーソナルファウル(1-3:0) 0ショット,,0,0,10000011,0,22,30,0,1,,,,
1111111,495,4,2:24,222,チームB,4,,選手16,,#4 選手16 ファウルドローン(2本),,0,0,10000016,0,15,0,0,2,,,,
1111111,496,4,2:24,111,チームA,7,,選手7,,#7 選手7 プレイヤーアウト,,0,0,10000007,0,87,0,0,1,,,,
1111111,497,4,2:24,222,チームB,6,,選手18,,#6 選手18 プレイヤーアウト,,0,0,10000018,0,87,0,0,2,,,,
1111111,498,4,2:24,222,チームB,8,,選手20,,#8 選手20 プレイヤーイン,,0,0,10000020,0,86,0,0,2,,,,
1111111,499,4,2:24,111,チームA,12,,選手12,,#12 選手12 プレイヤーイン,,0,0,10000012,0,86,0,0,1,,,,
1111111,500,4,2:24,111,チームA,10,,選手10,,#10 選手10 プレイヤーイン,,0,0,10000010,0,86,0,0,1,,,,
1111111,501,4,2:24,111,チームA,3,,選手3,,#3 選手3 プレイヤーアウト,,0,0,10000003,0,87,0,0,1,,,,
1111111,502,4,2:24,222,チームB,,,,,チームターンオーバー(2本) 5秒チームバイオレーション,,0,0,0,0,17,159,0,2,,,,
1111111,503,4,2:10,222,チームB,1,,選手13,,#1 選手13 プレイヤーアウト,,0,0,10000013,0,87,0,0,2,,,,
1111111,504,4,2:10,222,チームB,4,,選手16,,#4 選手16 プレイヤーアウト,,0,0,10000016,0,87,0,0,2,,,,
1111111,505,4,2:10,222,チームB,5,,選手17,,#5 選手17 プレイヤーアウト,,0,0,10000017,0,87,0,0,2,,,,
1111111,506,4,2:10,222,チームB,11,,選手23,,#11 選手23 プレイヤーイン,,0,0,10000023,0,86,0,0,2,,,,
1111111,507,4,2:10,222,チームB,9,,選手21,,#9 選手21 プレイヤーイン,,0,0,10000021,0,86,0,0,2,,,,
1111111,508,4,2:10,222,チームB,7,,選手19,,#7 選手19 プレイヤーイン,,0,0,10000019,0,86,0,0,2,,,,
1111111,509,4,1:58,222,チームB,2,,選手14,,#2 選手14 パーソナルファウル(3-5:2) 2ショット,,0,0,10000014,0,22,32,0,2,,,,
1111111,510,4,1:58,111,チームA,11,,選手11,,#11 選手11 ファウルドローン(1本),,0,0,10000011,0,15,0,0,1,,,,
1111111,511,4,1:58,111,チームA,11,,選手11,,#11 選手11 フリースロー○(1点) 1/2 ポインツオフターンオーバー,77-50,0,0,10000011,0,7,102,36,1,,,,
1111111,512,4,1:58,111,チームA,11,,選手11,,#11 選手11 フリースロー× 2/2,,0,0,10000011,0,8,104,0,1,,,,
1111111,513,4,1:58,222,チームB,7,,選手19,,#7 選手19 ディフェンスリバウンド(2-5-7),,0,0,10000019,0,9,0,0,2,,,,
1111111,514,4,1:40,111,チームA,8,,選手8,,#8 選手8 パーソナルファウル(2-4:0) 0ショット,,0,0,10000008,0,22,30,0,1,,,,
1111111,515,4,1:40,222,チームB,2,,選手14,,#2 選手14 ファウルドローン(1本),,0,0,10000014,0,15,0,0,2,,,,
1111111,516,4,1:30,222,チームB,11,,選手23,,#11 選手23 3Pシュート○(3点) ジャンプショット,77-53,0,0,10000023,0,1,27,0,2,outsideright,25.73999977,82.54000092,left
1111111,517,4,1:30,222,チームB,2,,選手14,,#2 選手14 アシスト(1本),,0,0,10000014,0,12,0,0,2,,,,
1111111,518,4,1:10,222,チームB,11,,選手23,,#11 選手23 パーソナルファウル(1-6:2) 2ショット,,0,0,10000023,0,22,32,0,2,,,,
1111111,519,4,1:10,111,チームA,11,,選手11,,#11 選手11 ファウルドローン(2本),,0,0,10000011,0,15,0,0,1,,,,
1111111,520,4,1:10,111,チームA,11,,選手11,,#11 選手11 フリースロー× 1/2,,0,0,10000011,0,8,102,0,1,,,,
1111111,521,4,1:10,111,チームA,11,,選手11,,#11 選手11 フリースロー○(2点) 2/2,78-53,0,0,10000011,0,7,104,0,1,,,,
1111111,522,4,0:50,222,チームB,11,,選手23,,#11 選手23 2Pシュート アウトサイドペイント× ジャンプショット,,0,0,10000023,0,5,27,0,2,insidecenter,22,53.72999954,left
1111111,523,4,0:48,111,チームA,10,,選手10,,#10 選手10 ディフェンスリバウンド(0-1-1),,0,0,10000010,0,9,0,0,1,,,,
1111111,524,4,0:32,111,チームA,9,,選手9,,#9 選手9 3Pシュート○(3点) ジャンプショット,81-53,0,0,10000009,0,1,27,0,1,outsideright,80.19000244,10.78999996,right
1111111,525,4,0:32,111,チームA,9,,選手9,,#9 選手9 バスケットカウント,,0,0,10000009,0,16,0,,1,,,,
1111111,526,4,0:32,111,チームA,11,,選手11,,#11 選手11 アシスト(1本),,0,0,10000011,0,12,0,0,1,,,,
1111111,527,4,0:32,222,チームB,9,,選手21,,#9 選手21 パーソナルファウル(2-7:1) シューティング 1ショット,,0,0,10000021,0,22,31,39,2,,,,
1111111,528,4,0:32,111,チームA,9,,選手9,,#9 選手9 フリースロー○(4点) 1/1,82-53,0,0,10000009,0,7,101,0,1,,,,
1111111,529,4,0:14,222,チームB,2,,選手14,,#2 選手14 2Pシュート インサイドペイント× プルアップジャンプショット,,0,0,10000014,0,6,98,0,2,inthepaint,15.76000023,35.93000031,left
1111111,530,4,0:11,111,チームA,10,,選手10,,#10 選手10 ディフェンスリバウンド(0-2-2),,0,0,10000010,0,9,0,0,1,,,,
1111111,531,4,0:00,0,,,,,,,82-53,1,0,0,0,83,0,0,0,,,,
1111111,532,4,0:00,0,,,,,,,82-53,0,1,0,0,81,0,0,0,,,,
